address,chain,entity,category
TCGMTEZs5WSNz6ia1nmeD6gKCQ8STh1oMm,tron,Binance,exchange
TXM72MTmbFPoy67raResQYbDCCzvXoXEh1,tron,Binance,exchange
TMwyHxbDN5jjytw4H4Rh6GjrftFbDqpxFP,tron,Binance,exchange
0xe7804c37c13166fF0b37F5aE0BB07A3aEbb6e245,polygon,Unknown,exchange
0xe7804c37c13166fF0b37F5aE0BB07A3aEbb6e245,polygon,Unknown,exchange
0xe7804c37c13166fF0b37F5aE0BB07A3aEbb6e245,polygon,Unknown,exchange
0xe7804c37c13166fF0b37F5aE0BB07A3aEbb6e245,polygon,Unknown,exchange
0xDBD52600aEEaB3B704a3Ae0c654934F6523549B6,base,Binance,exchange
TWk4qCKtwXSMNLTag6eYnpgznT1zH7qJxZ,tron,Binance,exchange
TAtEtQZkyk9FPcQmBVpSzugCKKYL1h8Brs,tron,Binance,exchange
TLz8dLUPYW3AVqwHwADeFMuprB7AdhtqJE,tron,Binance,exchange
TXvoZXJJ4zVZ5SHrCjpmDwShN5BP5Titg5,tron,Binance,exchange
TYcJqLQk1rWzpE8NnDaTAutyHMnvhy7Zy8,tron,Binance,exchange
TSteMN9jFLeHE2LpDNYViTJrGaD5GXapQE,tron,Binance,exchange
0x9df659ECd8cF577b1A61eCF2Caa364bD9277481D,arbitrum_one,Binance,exchange
0xe7804c37c13166fF0b37F5aE0BB07A3aEbb6e245,polygon,Unknown,exchange
0x7Dc34FF7f5ebc736e4C685ba1bAb9D4Dc3Daf19F,arbitrum_one,Binance,exchange
0x229eB64D20b3589466135D74194Db89c6dEf23cE,arbitrum_one,Binance,exchange
TNDACd5dSdHQeUf669FrSA4VHTJ8MiNJvd,tron,Binance,exchange
TQGS1xNFig74uGjfge3bD29YrmNTYVwcdY,tron,Binance,exchange
0xba84F39Fe19A57E7b3a68d053Fd44f9a88E8B432,arbitrum_one,Binance,exchange
TPyqXkz7jerqPRkMtf7jiwnj4KYWukg7jH,tron,Binance,exchange
TWXNqt2mcexD23u6tY2eNguw8uuoRRudMQ,tron,Binance,exchange
TQWK4Knr2S9ozsmsrDeBPDLV8Ky5HEHgYt,tron,Binance,exchange
TLRcAkdsyMCRSYRXXWgBaYz1w76iC1631o,tron,Binance,exchange
TGHpumsFJjWPmHz76RSPUPEna8t8ohSKfP,tron,Binance,exchange
0x98E73ecb5b4AC48b0cBfD6CfecC0f556534A8FcF,base,Binance,exchange
0x63EA988babAc1A57A60c110115c644C16e9E2847,arbitrum_one,Binance,exchange
0xdacA7C833DB1246B55dbE1a53dF67825815877DF,arbitrum_one,Binance,exchange
TFS4VC4SDnGjtgPys6tKZe4RkJ64mUkjuA,tron,Binance,exchange
0x589451F8960eD67e55B5a1bC8B7bD10DcCB1a0f5,base,Binance,exchange
TYN6GQwYXGLWbxoEGugnq6JZ1AigQ4hTFf,tron,Binance,exchange
TFsxgZ1ERyfRGQhRfmkW1GRdUyxtE52xA2,tron,Binance,exchange
TMKpXA8m4Z4k92uAxtoM9zgF7866MEyAtd,tron,Binance,exchange
TAJhqF6mtMxP5n43cFegZATARXVqCAtSkj,tron,Binance,exchange
TFQthmXjwTDwn4rpcxAoConvhktqogKz5w,tron,Binance,exchange
TP9k4Bob3Dfyk9imwPBRzRbTcBgjnzyFp2,tron,Binance,exchange
TJRQvRz56oQY7J6hM4NA68ihZronFndMFk,tron,Binance,exchange
0x7Dc34FF7f5ebc736e4C685ba1bAb9D4Dc3Daf19F,arbitrum_one,Binance,exchange
0x229eB64D20b3589466135D74194Db89c6dEf23cE,arbitrum_one,Binance,exchange
0xCFA5369B6772Befdd4209736f899336b4EC03215,ethereum,Binance,exchange
TQGS1xNFig74uGjfge3bD29YrmNTYVwcdY,tron,Binance,exchange
TNDACd5dSdHQeUf669FrSA4VHTJ8MiNJvd,tron,Binance,exchange
TH4LJfBn8Sh6rCiu16vUFJSnwzMD8omg8Q,tron,Binance,exchange
TUsqVFuP2no8p5A9nC8UFGstiC9BTHxtZr,tron,Binance,exchange
0xba84F39Fe19A57E7b3a68d053Fd44f9a88E8B432,arbitrum_one,Binance,exchange
0x92FE9964556243eD8437AE60209d8549765b5719,polygon,Binance,exchange
TWXNqt2mcexD23u6tY2eNguw8uuoRRudMQ,tron,Binance,exchange
TFQthmXjwTDwn4rpcxAoConvhktqogKz5w,tron,Binance,exchange
TMKpXA8m4Z4k92uAxtoM9zgF7866MEyAtd,tron,Binance,exchange
TFsxgZ1ERyfRGQhRfmkW1GRdUyxtE52xA2,tron,Binance,exchange
TJRQvRz56oQY7J6hM4NA68ihZronFndMFk,tron,Binance,exchange
TP9k4Bob3Dfyk9imwPBRzRbTcBgjnzyFp2,tron,Binance,exchange
TAJhqF6mtMxP5n43cFegZATARXVqCAtSkj,tron,Binance,exchange
0x7Dc34FF7f5ebc736e4C685ba1bAb9D4Dc3Daf19F,arbitrum_one,Binance,exchange
0xe7804c37c13166fF0b37F5aE0BB07A3aEbb6e245,polygon,Unknown,exchange
0xe7804c37c13166fF0b37F5aE0BB07A3aEbb6e245,polygon,Unknown,exchange
0xe7804c37c13166fF0b37F5aE0BB07A3aEbb6e245,polygon,Unknown,exchange
0x229eB64D20b3589466135D74194Db89c6dEf23cE,arbitrum_one,Binance,exchange
0xe7804c37c13166fF0b37F5aE0BB07A3aEbb6e245,polygon,Unknown,exchange
0xe7804c37c13166fF0b37F5aE0BB07A3aEbb6e245,polygon,Unknown,exchange
0xe7804c37c13166fF0b37F5aE0BB07A3aEbb6e245,polygon,Unknown,exchange
0xCFA5369B6772Befdd4209736f899336b4EC03215,ethereum,Binance,exchange
TNDACd5dSdHQeUf669FrSA4VHTJ8MiNJvd,tron,Binance,exchange
TUsqVFuP2no8p5A9nC8UFGstiC9BTHxtZr,tron,Binance,exchange
0xba84F39Fe19A57E7b3a68d053Fd44f9a88E8B432,arbitrum_one,Binance,exchange
0x2C598945e1EB723473D8CC8383eDB5c1AfBd1A53,arbitrum_one,Binance,exchange
TPyqXkz7jerqPRkMtf7jiwnj4KYWukg7jH,tron,Binance,exchange
TWXNqt2mcexD23u6tY2eNguw8uuoRRudMQ,tron,Binance,exchange
TQWK4Knr2S9ozsmsrDeBPDLV8Ky5HEHgYt,tron,Binance,exchange
TLRcAkdsyMCRSYRXXWgBaYz1w76iC1631o,tron,Binance,exchange
0x92FE9964556243eD8437AE60209d8549765b5719,polygon,Binance,exchange
TGHpumsFJjWPmHz76RSPUPEna8t8ohSKfP,tron,Binance,exchange
TNJJSr7SaLVNgXqm3o6aENmzpGywEoVRwq,tron,Binance,exchange
0x98E73ecb5b4AC48b0cBfD6CfecC0f556534A8FcF,base,Binance,exchange
0xdacA7C833DB1246B55dbE1a53dF67825815877DF,arbitrum_one,Binance,exchange
0x63EA988babAc1A57A60c110115c644C16e9E2847,arbitrum_one,Binance,exchange
TFS4VC4SDnGjtgPys6tKZe4RkJ64mUkjuA,tron,Binance,exchange
0x06270403E55fDC9b429bab291441C661b3C679b8,ethereum,Binance,exchange
0x06270403E55fDC9b429bab291441C661b3C679b8,ethereum,Binance,exchange
TQWK4Knr2S9ozsmsrDeBPDLV8Ky5HEHgYt,tron,Binance,exchange
TNJJSr7SaLVNgXqm3o6aENmzpGywEoVRwq,tron,Binance,exchange
TGHpumsFJjWPmHz76RSPUPEna8t8ohSKfP,tron,Binance,exchange
TPyqXkz7jerqPRkMtf7jiwnj4KYWukg7jH,tron,Binance,exchange
TLRcAkdsyMCRSYRXXWgBaYz1w76iC1631o,tron,Binance,exchange
TGdBJPubSDbhiLp57G2RhiE38aa1bkE4LN,tron,Binance,exchange
0x98E73ecb5b4AC48b0cBfD6CfecC0f556534A8FcF,base,Binance,exchange
0xdacA7C833DB1246B55dbE1a53dF67825815877DF,arbitrum_one,Binance,exchange
0x63EA988babAc1A57A60c110115c644C16e9E2847,arbitrum_one,Binance,exchange
TFS4VC4SDnGjtgPys6tKZe4RkJ64mUkjuA,tron,Binance,exchange
0x06270403E55fDC9b429bab291441C661b3C679b8,ethereum,Binance,exchange
0x799dFD4083a146D3B35F3f5B5f5113F005fcB4D9,ethereum,Binance,exchange
0x318F1f6580EaC3C46b395E0A52A3D338aAef49Af,ethereum,Binance,exchange
0x593a93930fC2523547a6132EB40876D740d4A8dD,ethereum,Binance,exchange
0xA04CDC5b0c633BAc44d1cABD80237a50AE72175c,ethereum,Binance,exchange
0x06270403E55fDC9b429bab291441C661b3C679b8,ethereum,Binance,exchange
