id,transactionHash,fromAddress,fromIsContract,toAddress,toIsContract,tokenAddress,blockTimestamp,blockNumber,blockID,tokenName,tokenSymbol,tokenDecimals,unitValue,tokenId,historicalUSD,assetId,chain
9a2c873c5ef37d2ffd3559239a7aece85e4c86d4712723cafa5e3f2dfee5adb6_0,9a2c873c5ef37d2ffd3559239a7aece85e4c86d4712723cafa5e3f2dfee5adb6,"{'address': 'TDqSquXBgUCLYvYC4XZgrprLK589dkhSCf', 'chain': 'tron', 'arkhamEntity': {'name': 'Binance', 'note': '', 'id': 'binance', 'type': 'cex', 'service': None, 'addresses': None, 'website': 'https://binance.com', 'twitter': 'https://twitter.com/binance', 'crunchbase': 'https://www.crunchbase.com/organization/binance', 'linkedin': 'https://www.linkedin.com/company/binance'}, 'arkhamLabel': {'name': 'Hot Wallet', 'address': 'TDqSquXBgUCLYvYC4XZgrprLK589dkhSCf', 'chainType': 'tron'}, 'isUserAddress': False, 'contract': False}",False,"{'address': 'TGsaPtXRySKDPeZnekEoJHHCH2V21ajCro', 'chain': 'tron', 'isUserAddress': False, 'contract': False}",False,TR7NHqjeKQxGTCi8q8ZY4pL8otSzgjLj6t,2024-05-08T05:49:15Z,61501489,0000000003aa7031f343ecddd68b98a27de6e51738584046f71a94420f680ed7,Tether USD,USDT,6,11,tether,11,,tron
0x40be33dbdc1c3ab634ee689d49e7f2977c03f4880d3a71a28b4bfcfd156fa370,0x40be33dbdc1c3ab634ee689d49e7f2977c03f4880d3a71a28b4bfcfd156fa370,"{'address': '0x290275e3db66394C52272398959845170E4DCb88', 'chain': 'polygon', 'arkhamEntity': {'name': 'Binance', 'note': '', 'id': 'binance', 'type': 'cex', 'service': None, 'addresses': None, 'website': 'https://binance.com', 'twitter': 'https://twitter.com/binance', 'crunchbase': 'https://www.crunchbase.com/organization/binance', 'linkedin': 'https://www.linkedin.com/company/binance'}, 'arkhamLabel': {'name': 'Hot Wallet', 'address': '0x290275e3db66394C52272398959845170E4DCb88', 'chainType': 'evm'}, 'isUserAddress': False, 'contract': False}",False,"{'address': '0x9324A8A7204d8d46Ee1EC95C56470C4858e1472e', 'chain': 'polygon', 'isUserAddress': False, 'contract': False}",False,,external,2024-05-08T05:49:09Z,56711539,0x55194e77ed70aeb0738eb43c7e5a4687b1575681f93b5757163f30275013d388,Matic Token,MATIC,18,11.25,matic-network,7.748167499999999,polygon
5e4c447cc65bfa4e0f313cf50def9a33632168b0499cf3fe5de7e3a17f425ad9_0,5e4c447cc65bfa4e0f313cf50def9a33632168b0499cf3fe5de7e3a17f425ad9,"{'address': 'TJDENsfBJs4RFETt1X1W8wMDc8M5XnJhCe', 'chain': 'tron', 'arkhamEntity': {'name': 'Binance', 'note': '', 'id': 'binance', 'type': 'cex', 'service': None, 'addresses': None, 'website': 'https://binance.com', 'twitter': 'https://twitter.com/binance', 'crunchbase': 'https://www.crunchbase.com/organization/binance', 'linkedin': 'https://www.linkedin.com/company/binance'}, 'arkhamLabel': {'name': 'Withdrawal Hot Wallet', 'address': 'TJDENsfBJs4RFETt1X1W8wMDc8M5XnJhCe', 'chainType': 'tron'}, 'isUserAddress': False, 'contract': False}",False,"{'address': 'TDDcPjZhn4hYERjUe7Yr3MbjZbx1PbnyuQ', 'chain': 'tron', 'isUserAddress': False, 'contract': False}",False,TR7NHqjeKQxGTCi8q8ZY4pL8otSzgjLj6t,2024-05-08T05:49:09Z,61501487,0000000003aa702f0b8b7fdfc03e4afa515d9d06dcc7457776499eb95cfb9070,Tether USD,USDT,6,40,tether,40,,tron
2903b8517244c2fcf3bbcce347a7e9636cc536e3fb6fb1eda6c8c89f4388e4ca_0,2903b8517244c2fcf3bbcce347a7e9636cc536e3fb6fb1eda6c8c89f4388e4ca,"{'address': 'TQrY8tryqsYVCYS3MFbtffiPp2ccyn4STm', 'chain': 'tron', 'arkhamEntity': {'name': 'Binance', 'note': '', 'id': 'binance', 'type': 'cex', 'service': None, 'addresses': None, 'website': 'https://binance.com', 'twitter': 'https://twitter.com/binance', 'crunchbase': 'https://www.crunchbase.com/organization/binance', 'linkedin': 'https://www.linkedin.com/company/binance'}, 'arkhamLabel': {'name': 'Withdrawal Hot Wallet', 'address': 'TQrY8tryqsYVCYS3MFbtffiPp2ccyn4STm', 'chainType': 'tron'}, 'isUserAddress': False, 'contract': False}",False,"{'address': 'TPPQ46KJWzJawv4zsB1roXcE8SMHqyxSFo', 'chain': 'tron', 'isUserAddress': False, 'contract': False}",False,TR7NHqjeKQxGTCi8q8ZY4pL8otSzgjLj6t,2024-05-08T05:49:09Z,61501487,0000000003aa702f0b8b7fdfc03e4afa515d9d06dcc7457776499eb95cfb9070,Tether USD,USDT,6,20.3,tether,20.3,,tron
4f2f74b90ba4d4f5cc6528b2284c9cafa57c74d7e3ed5e5e5c5ba7c1f66bf682_0,4f2f74b90ba4d4f5cc6528b2284c9cafa57c74d7e3ed5e5e5c5ba7c1f66bf682,"{'address': 'TDqSquXBgUCLYvYC4XZgrprLK589dkhSCf', 'chain': 'tron', 'arkhamEntity': {'name': 'Binance', 'note': '', 'id': 'binance', 'type': 'cex', 'service': None, 'addresses': None, 'website': 'https://binance.com', 'twitter': 'https://twitter.com/binance', 'crunchbase': 'https://www.crunchbase.com/organization/binance', 'linkedin': 'https://www.linkedin.com/company/binance'}, 'arkhamLabel': {'name': 'Hot Wallet', 'address': 'TDqSquXBgUCLYvYC4XZgrprLK589dkhSCf', 'chainType': 'tron'}, 'isUserAddress': False, 'contract': False}",False,"{'address': 'TY9J2bRys5Wd4Dc2t4uoP7jhveh6ts4EGm', 'chain': 'tron', 'isUserAddress': False, 'contract': False}",False,TR7NHqjeKQxGTCi8q8ZY4pL8otSzgjLj6t,2024-05-08T05:49:06Z,61501486,0000000003aa702e6e5373f0f097d0e0adcb88d468e59ea6f069037555d9dbb4,Tether USD,USDT,6,43857,tether,43857,,tron
9446f1c47affab2edd3efef9197c0f6037c2346f12db70f15f8898dd1b50875b,9446f1c47affab2edd3efef9197c0f6037c2346f12db70f15f8898dd1b50875b,"{'address': 'TAzsQ9Gx8eqFNFSKbeXrbi45CuVPHzA8wr', 'chain': 'tron', 'arkhamEntity': {'name': 'Binance', 'note': '', 'id': 'binance', 'type': 'cex', 'service': None, 'addresses': None, 'website': 'https://binance.com', 'twitter': 'https://twitter.com/binance', 'crunchbase': 'https://www.crunchbase.com/organization/binance', 'linkedin': 'https://www.linkedin.com/company/binance'}, 'arkhamLabel': {'name': 'Withdrawal Hot Wallet', 'address': 'TAzsQ9Gx8eqFNFSKbeXrbi45CuVPHzA8wr', 'chainType': 'tron'}, 'isUserAddress': False, 'contract': False}",False,"{'address': 'TNgkDWcZq8E3ZVUYcU9V7xavSk3LEyuusZ', 'chain': 'tron', 'isUserAddress': False, 'contract': False}",False,,2024-05-08T05:49:06Z,61501486,0000000003aa702e6e5373f0f097d0e0adcb88d468e59ea6f069037555d9dbb4,Tron,TRX,6,50,tron,6.0696,,tron
c529f3c1e04f7533c91cd5e790fd951937c1ba2bfd63e90049a84132932e71da_0,c529f3c1e04f7533c91cd5e790fd951937c1ba2bfd63e90049a84132932e71da,"{'address': 'TJDENsfBJs4RFETt1X1W8wMDc8M5XnJhCe', 'chain': 'tron', 'arkhamEntity': {'name': 'Binance', 'note': '', 'id': 'binance', 'type': 'cex', 'service': None, 'addresses': None, 'website': 'https://binance.com', 'twitter': 'https://twitter.com/binance', 'crunchbase': 'https://www.crunchbase.com/organization/binance', 'linkedin': 'https://www.linkedin.com/company/binance'}, 'arkhamLabel': {'name': 'Withdrawal Hot Wallet', 'address': 'TJDENsfBJs4RFETt1X1W8wMDc8M5XnJhCe', 'chainType': 'tron'}, 'isUserAddress': False, 'contract': False}",False,"{'address': 'TEyvFreeEdJjK9issE6AjJBhjq9BErKdhu', 'chain': 'tron', 'isUserAddress': False, 'contract': False}",False,TR7NHqjeKQxGTCi8q8ZY4pL8otSzgjLj6t,2024-05-08T05:49:06Z,61501486,0000000003aa702e6e5373f0f097d0e0adcb88d468e59ea6f069037555d9dbb4,Tether USD,USDT,6,25.0086,tether,25.0086,,tron
e4f04b70d0b44f34ee04cc859622dc8be5ceb5977380848ac58048df391b9a24_0,e4f04b70d0b44f34ee04cc859622dc8be5ceb5977380848ac58048df391b9a24,"{'address': 'TNXoiAJ3dct8Fjg4M9fkLFh9S2v9TXc32G', 'chain': 'tron', 'arkhamEntity': {'name': 'Binance', 'note': '', 'id': 'binance', 'type': 'cex', 'service': None, 'addresses': None, 'website': 'https://binance.com', 'twitter': 'https://twitter.com/binance', 'crunchbase': 'https://www.crunchbase.com/organization/binance', 'linkedin': 'https://www.linkedin.com/company/binance'}, 'arkhamLabel': {'name': 'Withdrawal Hot Wallet', 'address': 'TNXoiAJ3dct8Fjg4M9fkLFh9S2v9TXc32G', 'chainType': 'tron'}, 'isUserAddress': False, 'contract': False}",False,"{'address': 'TMChAjQVJEmykD2xV7HyFbdthhi9qSAwps', 'chain': 'tron', 'arkhamLabel': {'name': 'Gate.io Deposit', 'address': 'TMChAjQVJEmykD2xV7HyFbdthhi9qSAwps', 'chainType': 'tron'}, 'isUserAddress': False, 'contract': False}",False,TR7NHqjeKQxGTCi8q8ZY4pL8otSzgjLj6t,2024-05-08T05:49:06Z,61501486,0000000003aa702e6e5373f0f097d0e0adcb88d468e59ea6f069037555d9dbb4,Tether USD,USDT,6,149.581062,tether,149.581062,,tron
0x3896c93f440e3f243d223dfa48afdf3420d9a754a26a23b20dba54549c20fcfa,0x3896c93f440e3f243d223dfa48afdf3420d9a754a26a23b20dba54549c20fcfa,"{'address': '0x082489A616aB4D46d1947eE3F912e080815b08DA', 'chain': 'polygon', 'arkhamEntity': {'name': 'Binance', 'note': '', 'id': 'binance', 'type': 'cex', 'service': None, 'addresses': None, 'website': 'https://binance.com', 'twitter': 'https://twitter.com/binance', 'crunchbase': 'https://www.crunchbase.com/organization/binance', 'linkedin': 'https://www.linkedin.com/company/binance'}, 'arkhamLabel': {'name': 'Hot Wallet', 'address': '0x082489A616aB4D46d1947eE3F912e080815b08DA', 'chainType': 'evm'}, 'isUserAddress': False, 'contract': False}",False,"{'address': '0x71e12a1A074100B9292C466EF9fDE4029e0E1104', 'chain': 'polygon', 'isUserAddress': False, 'contract': False}",False,,external,2024-05-08T05:49:05Z,56711537,0x802c6ee0a9d757f5941a5597d36cf4f9bdb3cb0430113d87fa510f3ca88be13c,Matic Token,MATIC,18,207.92,matic-network,143.19990991999998,polygon
0x2eae66fa645d46b191543b82881c03ad5bd69fa3e6e64a5b494ec4b93d9af8a0,0x2eae66fa645d46b191543b82881c03ad5bd69fa3e6e64a5b494ec4b93d9af8a0,"{'address': '0x505e71695E9bc45943c58adEC1650577BcA68fD9', 'chain': 'polygon', 'arkhamEntity': {'name': 'Binance', 'note': '', 'id': 'binance', 'type': 'cex', 'service': None, 'addresses': None, 'website': 'https://binance.com', 'twitter': 'https://twitter.com/binance', 'crunchbase': 'https://www.crunchbase.com/organization/binance', 'linkedin': 'https://www.linkedin.com/company/binance'}, 'arkhamLabel': {'name': 'Hot Wallet', 'address': '0x505e71695E9bc45943c58adEC1650577BcA68fD9', 'chainType': 'evm'}, 'isUserAddress': False, 'contract': False}",False,"{'address': '0x381043a8149664c641dD08e055c5cb4e7E73b6c7', 'chain': 'polygon', 'isUserAddress': False, 'contract': False}",False,,external,2024-05-08T05:49:05Z,56711537,0x802c6ee0a9d757f5941a5597d36cf4f9bdb3cb0430113d87fa510f3ca88be13c,Matic Token,MATIC,18,207.92,matic-network,143.19990991999998,polygon
0x98987792592aee282307c7a8e99637c26d7c577d9558a93821a2dac9e7c0f307,0x98987792592aee282307c7a8e99637c26d7c577d9558a93821a2dac9e7c0f307,"{'address': '0xe7804c37c13166fF0b37F5aE0BB07A3aEbb6e245', 'chain': 'polygon', 'arkhamEntity': {'name': 'Binance', 'note': '', 'id': 'binance', 'type': 'cex', 'service': None, 'addresses': None, 'website': 'https://binance.com', 'twitter': 'https://twitter.com/binance', 'crunchbase': 'https://www.crunchbase.com/organization/binance', 'linkedin': 'https://www.linkedin.com/company/binance'}, 'arkhamLabel': {'name': 'Hot Wallet', 'address': '0xe7804c37c13166fF0b37F5aE0BB07A3aEbb6e245', 'chainType': 'evm'}, 'isUserAddress': False, 'contract': False}",False,"{'address': '0x9a594D570D7A5f72501E7b90a75e198E57b907e8', 'chain': 'polygon', 'isUserAddress': False, 'contract': False}",False,,external,2024-05-08T05:49:05Z,56711537,0x802c6ee0a9d757f5941a5597d36cf4f9bdb3cb0430113d87fa510f3ca88be13c,Matic Token,MATIC,18,207.92,matic-network,143.19990991999998,polygon
0xd02606d51ddc408e022e58273343d31cb85f431a6f465f4ac1e056166ee01adb,0xd02606d51ddc408e022e58273343d31cb85f431a6f465f4ac1e056166ee01adb,"{'address': '0xe7804c37c13166fF0b37F5aE0BB07A3aEbb6e245', 'chain': 'polygon', 'arkhamEntity': {'name': 'Binance', 'note': '', 'id': 'binance', 'type': 'cex', 'service': None, 'addresses': None, 'website': 'https://binance.com', 'twitter': 'https://twitter.com/binance', 'crunchbase': 'https://www.crunchbase.com/organization/binance', 'linkedin': 'https://www.linkedin.com/company/binance'}, 'arkhamLabel': {'name': 'Hot Wallet', 'address': '0xe7804c37c13166fF0b37F5aE0BB07A3aEbb6e245', 'chainType': 'evm'}, 'isUserAddress': False, 'contract': False}",False,"{'address': '0xFB7ed09828d4675591a654783348cB3e51CF44e7', 'chain': 'polygon', 'isUserAddress': False, 'contract': False}",False,,external,2024-05-08T05:49:05Z,56711537,0x802c6ee0a9d757f5941a5597d36cf4f9bdb3cb0430113d87fa510f3ca88be13c,Matic Token,MATIC,18,207.92,matic-network,143.19990991999998,polygon
0x52f9ffabc2936e48b20cd4c070597e2853a263b464b37f17a2a74812dc7f1f7d,0x52f9ffabc2936e48b20cd4c070597e2853a263b464b37f17a2a74812dc7f1f7d,"{'address': '0x505e71695E9bc45943c58adEC1650577BcA68fD9', 'chain': 'polygon', 'arkhamEntity': {'name': 'Binance', 'note': '', 'id': 'binance', 'type': 'cex', 'service': None, 'addresses': None, 'website': 'https://binance.com', 'twitter': 'https://twitter.com/binance', 'crunchbase': 'https://www.crunchbase.com/organization/binance', 'linkedin': 'https://www.linkedin.com/company/binance'}, 'arkhamLabel': {'name': 'Hot Wallet', 'address': '0x505e71695E9bc45943c58adEC1650577BcA68fD9', 'chainType': 'evm'}, 'isUserAddress': False, 'contract': False}",False,"{'address': '0xA68bd6E37331fC71c08e0E00F462a1f45960748A', 'chain': 'polygon', 'isUserAddress': False, 'contract': False}",False,,external,2024-05-08T05:49:05Z,56711537,0x802c6ee0a9d757f5941a5597d36cf4f9bdb3cb0430113d87fa510f3ca88be13c,Matic Token,MATIC,18,207.92,matic-network,143.19990991999998,polygon
0x3aab0140aa1181f12f9d7033e19559cbfb756086634e14d5764f1cabb9ccc230,0x3aab0140aa1181f12f9d7033e19559cbfb756086634e14d5764f1cabb9ccc230,"{'address': '0x082489A616aB4D46d1947eE3F912e080815b08DA', 'chain': 'polygon', 'arkhamEntity': {'name': 'Binance', 'note': '', 'id': 'binance', 'type': 'cex', 'service': None, 'addresses': None, 'website': 'https://binance.com', 'twitter': 'https://twitter.com/binance', 'crunchbase': 'https://www.crunchbase.com/organization/binance', 'linkedin': 'https://www.linkedin.com/company/binance'}, 'arkhamLabel': {'name': 'Hot Wallet', 'address': '0x082489A616aB4D46d1947eE3F912e080815b08DA', 'chainType': 'evm'}, 'isUserAddress': False, 'contract': False}",False,"{'address': '0x70B13292CbCF26AF80c02Bd9331072795ede1c7F', 'chain': 'polygon', 'isUserAddress': False, 'contract': False}",False,,external,2024-05-08T05:49:05Z,56711537,0x802c6ee0a9d757f5941a5597d36cf4f9bdb3cb0430113d87fa510f3ca88be13c,Matic Token,MATIC,18,207.92,matic-network,143.19990991999998,polygon
0xd698f4a8080742911b90dea291a4b58ec7f67940d57b2899bd73b43059343f6b,0xd698f4a8080742911b90dea291a4b58ec7f67940d57b2899bd73b43059343f6b,"{'address': '0x082489A616aB4D46d1947eE3F912e080815b08DA', 'chain': 'polygon', 'arkhamEntity': {'name': 'Binance', 'note': '', 'id': 'binance', 'type': 'cex', 'service': None, 'addresses': None, 'website': 'https://binance.com', 'twitter': 'https://twitter.com/binance', 'crunchbase': 'https://www.crunchbase.com/organization/binance', 'linkedin': 'https://www.linkedin.com/company/binance'}, 'arkhamLabel': {'name': 'Hot Wallet', 'address': '0x082489A616aB4D46d1947eE3F912e080815b08DA', 'chainType': 'evm'}, 'isUserAddress': False, 'contract': False}",False,"{'address': '0xc5621b5666f2EcF0c6f3e77200f646e8a04Deed0', 'chain': 'polygon', 'isUserAddress': False, 'contract': False}",False,,external,2024-05-08T05:49:05Z,56711537,0x802c6ee0a9d757f5941a5597d36cf4f9bdb3cb0430113d87fa510f3ca88be13c,Matic Token,MATIC,18,207.92,matic-network,143.19990991999998,polygon
0x4685c44c80fce52a001a97af0805966465a547c58708e55f294d8bba72958ab4,0x4685c44c80fce52a001a97af0805966465a547c58708e55f294d8bba72958ab4,"{'address': '0x290275e3db66394C52272398959845170E4DCb88', 'chain': 'polygon', 'arkhamEntity': {'name': 'Binance', 'note': '', 'id': 'binance', 'type': 'cex', 'service': None, 'addresses': None, 'website': 'https://binance.com', 'twitter': 'https://twitter.com/binance', 'crunchbase': 'https://www.crunchbase.com/organization/binance', 'linkedin': 'https://www.linkedin.com/company/binance'}, 'arkhamLabel': {'name': 'Hot Wallet', 'address': '0x290275e3db66394C52272398959845170E4DCb88', 'chainType': 'evm'}, 'isUserAddress': False, 'contract': False}",False,"{'address': '0x7A9d32Fc8E26577cd90964b9C576F904695Be7C8', 'chain': 'polygon', 'isUserAddress': False, 'contract': False}",False,,external,2024-05-08T05:49:05Z,56711537,0x802c6ee0a9d757f5941a5597d36cf4f9bdb3cb0430113d87fa510f3ca88be13c,Matic Token,MATIC,18,207.92,matic-network,143.19990991999998,polygon
0x0303ca46e909cbe4529e04025ebb865504abb4ab0d7ee1ad3c50378d06aed7a1_1,0x0303ca46e909cbe4529e04025ebb865504abb4ab0d7ee1ad3c50378d06aed7a1,"{'address': '0xe7804c37c13166fF0b37F5aE0BB07A3aEbb6e245', 'chain': 'polygon', 'arkhamEntity': {'name': 'Binance', 'note': '', 'id': 'binance', 'type': 'cex', 'service': None, 'addresses': None, 'website': 'https://binance.com', 'twitter': 'https://twitter.com/binance', 'crunchbase': 'https://www.crunchbase.com/organization/binance', 'linkedin': 'https://www.linkedin.com/company/binance'}, 'arkhamLabel': {'name': 'Hot Wallet', 'address': '0xe7804c37c13166fF0b37F5aE0BB07A3aEbb6e245', 'chainType': 'evm'}, 'isUserAddress': False, 'contract': False}",False,"{'address': '0x0ed023cC7Ad8EF17173Aed4D4C58E19De7a019A9', 'chain': 'polygon', 'isUserAddress': False, 'contract': False}",False,0xc2132D05D31c914a87C6611C10748AEb04B58e8F,token,2024-05-08T05:49:21Z,56711545,0xca5226e313877f8cd922774c7eeacfc304bf668ca1b7f49336da5a5fc41fa595,(PoS) Tether USD,USDT,6,232.9,polygon-bridged-usdt-polygon,232.9,polygon
93e79889cde6fb5a0007a1cbef7a509cf53b72e78b3f2f4da333946891fc4c99_0,93e79889cde6fb5a0007a1cbef7a509cf53b72e78b3f2f4da333946891fc4c99,"{'address': 'TYASr5UV6HEcXatwdFQfmLVUqQQQMUxHLS', 'chain': 'tron', 'arkhamEntity': {'name': 'Binance', 'note': '', 'id': 'binance', 'type': 'cex', 'service': None, 'addresses': None, 'website': 'https://binance.com', 'twitter': 'https://twitter.com/binance', 'crunchbase': 'https://www.crunchbase.com/organization/binance', 'linkedin': 'https://www.linkedin.com/company/binance'}, 'arkhamLabel': {'name': 'Withdrawal Hot Wallet', 'address': 'TYASr5UV6HEcXatwdFQfmLVUqQQQMUxHLS', 'chainType': 'tron'}, 'isUserAddress': False, 'contract': False}",False,"{'address': 'TBYSwxWHixRXF2A1p7Wu5dqCHKeaPszwTa', 'chain': 'tron', 'arkhamLabel': {'name': 'OKX Deposit', 'address': 'TBYSwxWHixRXF2A1p7Wu5dqCHKeaPszwTa', 'chainType': 'tron'}, 'isUserAddress': False, 'contract': False}",False,TR7NHqjeKQxGTCi8q8ZY4pL8otSzgjLj6t,2024-05-08T05:49:15Z,61501489,0000000003aa7031f343ecddd68b98a27de6e51738584046f71a94420f680ed7,Tether USD,USDT,6,6400,tether,6400,,tron
9a2c873c5ef37d2ffd3559239a7aece85e4c86d4712723cafa5e3f2dfee5adb6_0,9a2c873c5ef37d2ffd3559239a7aece85e4c86d4712723cafa5e3f2dfee5adb6,"{'address': 'TDqSquXBgUCLYvYC4XZgrprLK589dkhSCf', 'chain': 'tron', 'arkhamEntity': {'name': 'Binance', 'note': '', 'id': 'binance', 'type': 'cex', 'service': None, 'addresses': None, 'website': 'https://binance.com', 'twitter': 'https://twitter.com/binance', 'crunchbase': 'https://www.crunchbase.com/organization/binance', 'linkedin': 'https://www.linkedin.com/company/binance'}, 'arkhamLabel': {'name': 'Hot Wallet', 'address': 'TDqSquXBgUCLYvYC4XZgrprLK589dkhSCf', 'chainType': 'tron'}, 'isUserAddress': False, 'contract': False}",False,"{'address': 'TGsaPtXRySKDPeZnekEoJHHCH2V21ajCro', 'chain': 'tron', 'isUserAddress': False, 'contract': False}",False,TR7NHqjeKQxGTCi8q8ZY4pL8otSzgjLj6t,2024-05-08T05:49:15Z,61501489,0000000003aa7031f343ecddd68b98a27de6e51738584046f71a94420f680ed7,Tether USD,USDT,6,11,tether,11,,tron
db7283c1500602a9dd5455b55e3c73b5b5e88923da315e996e781bac467c0f89_0,db7283c1500602a9dd5455b55e3c73b5b5e88923da315e996e781bac467c0f89,"{'address': 'TJDENsfBJs4RFETt1X1W8wMDc8M5XnJhCe', 'chain': 'tron', 'arkhamEntity': {'name': 'Binance', 'note': '', 'id': 'binance', 'type': 'cex', 'service': None, 'addresses': None, 'website': 'https://binance.com', 'twitter': 'https://twitter.com/binance', 'crunchbase': 'https://www.crunchbase.com/organization/binance', 'linkedin': 'https://www.linkedin.com/company/binance'}, 'arkhamLabel': {'name': 'Withdrawal Hot Wallet', 'address': 'TJDENsfBJs4RFETt1X1W8wMDc8M5XnJhCe', 'chainType': 'tron'}, 'isUserAddress': False, 'contract': False}",False,"{'address': 'TKtczqpJvuDZJFQ5H67uBfyNuLgJxaUCz7', 'chain': 'tron', 'isUserAddress': False, 'contract': False}",False,TR7NHqjeKQxGTCi8q8ZY4pL8otSzgjLj6t,2024-05-08T05:49:15Z,61501489,0000000003aa7031f343ecddd68b98a27de6e51738584046f71a94420f680ed7,Tether USD,USDT,6,5554.654,tether,5554.654,,tron
0xb232b4e722fb404d54e58b1394291072e72f7035b9339ce7319bea4499562765_12,0xb232b4e722fb404d54e58b1394291072e72f7035b9339ce7319bea4499562765,"{'address': '0xDFd5293D8e347dFe59E90eFd55b2956a1343963d', 'chain': 'ethereum', 'arkhamEntity': {'name': 'Binance', 'note': '', 'id': 'binance', 'type': 'cex', 'service': None, 'addresses': None, 'website': 'https://binance.com', 'twitter': 'https://twitter.com/binance', 'crunchbase': 'https://www.crunchbase.com/organization/binance', 'linkedin': 'https://www.linkedin.com/company/binance'}, 'arkhamLabel': {'name': 'Hot Wallet', 'address': '0xDFd5293D8e347dFe59E90eFd55b2956a1343963d', 'chainType': 'evm'}, 'isUserAddress': False, 'contract': False}",False,"{'address': '0x7676e9A713Ed6d4399C53FD89A881Afc79b524a8', 'chain': 'ethereum', 'arkhamLabel': {'name': 'Bitget Deposit', 'address': '0x7676e9A713Ed6d4399C53FD89A881Afc79b524a8', 'chainType': 'evm'}, 'isUserAddress': False, 'contract': False}",False,0xdAC17F958D2ee523a2206206994597C13D831ec7,token,2024-05-08T05:49:11Z,19823361,0x82d0698450849c51d0ed50e2700f1b0db59bca41c781e1d60b4cef82a75ab349,Tether USD,USDT,6,856.042717,tether,856.042717,ethereum
0x86651dd21372f24f9fb9cf1aeb7129342ba68b745b68118e0901c18e629eae50,0x86651dd21372f24f9fb9cf1aeb7129342ba68b745b68118e0901c18e629eae50,"{'address': '0x4976A4A02f38326660D17bf34b431dC6e2eb2327', 'chain': 'ethereum', 'arkhamEntity': {'name': 'Binance', 'note': '', 'id': 'binance', 'type': 'cex', 'service': None, 'addresses': None, 'website': 'https://binance.com', 'twitter': 'https://twitter.com/binance', 'crunchbase': 'https://www.crunchbase.com/organization/binance', 'linkedin': 'https://www.linkedin.com/company/binance'}, 'arkhamLabel': {'name': 'Hot Wallet', 'address': '0x4976A4A02f38326660D17bf34b431dC6e2eb2327', 'chainType': 'evm'}, 'isUserAddress': False, 'contract': False}",False,"{'address': '0x2f14205AFfBF44D6f15aE8474218925301892042', 'chain': 'ethereum', 'arkhamLabel': {'name': 'Binance Deposit', 'address': '0x2f14205AFfBF44D6f15aE8474218925301892042', 'chainType': 'evm'}, 'isUserAddress': False, 'contract': False}",False,,external,2024-05-08T05:49:11Z,19823361,0x82d0698450849c51d0ed50e2700f1b0db59bca41c781e1d60b4cef82a75ab349,Ethereum,ETH,18,0.3546623,ethereum,1072.764791925,ethereum
0xf5f68fe81d4c4bcc5de834cb7cf51fdd096d575c0dcb96800c9e8226d438abdf,0xf5f68fe81d4c4bcc5de834cb7cf51fdd096d575c0dcb96800c9e8226d438abdf,"{'address': '0x082489A616aB4D46d1947eE3F912e080815b08DA', 'chain': 'polygon', 'arkhamEntity': {'name': 'Binance', 'note': '', 'id': 'binance', 'type': 'cex', 'service': None, 'addresses': None, 'website': 'https://binance.com', 'twitter': 'https://twitter.com/binance', 'crunchbase': 'https://www.crunchbase.com/organization/binance', 'linkedin': 'https://www.linkedin.com/company/binance'}, 'arkhamLabel': {'name': 'Hot Wallet', 'address': '0x082489A616aB4D46d1947eE3F912e080815b08DA', 'chainType': 'evm'}, 'isUserAddress': False, 'contract': False}",False,"{'address': '0xf6fCd76D46ab010D7B6Eb291877629C975b5CAA7', 'chain': 'polygon', 'isUserAddress': False, 'contract': False}",False,,external,2024-05-08T05:49:11Z,56711540,0x9d426362f6f848c50ee1bf27143ffa01d0ea06206c806d5ce9f7302f06528fb8,Matic Token,MATIC,18,62.47130526,matic-network,43.02561218649876,polygon
5674a7384d42367b4e9b915e16ea2784ec89063a8c5be57ae7ffc215bbb8e3c7_0,5674a7384d42367b4e9b915e16ea2784ec89063a8c5be57ae7ffc215bbb8e3c7,"{'address': 'TDqSquXBgUCLYvYC4XZgrprLK589dkhSCf', 'chain': 'tron', 'arkhamEntity': {'name': 'Binance', 'note': '', 'id': 'binance', 'type': 'cex', 'service': None, 'addresses': None, 'website': 'https://binance.com', 'twitter': 'https://twitter.com/binance', 'crunchbase': 'https://www.crunchbase.com/organization/binance', 'linkedin': 'https://www.linkedin.com/company/binance'}, 'arkhamLabel': {'name': 'Hot Wallet', 'address': 'TDqSquXBgUCLYvYC4XZgrprLK589dkhSCf', 'chainType': 'tron'}, 'isUserAddress': False, 'contract': False}",False,"{'address': 'TLv2pe4r4AYypyjib6GSCKanEoBx1LaT5F', 'chain': 'tron', 'isUserAddress': False, 'contract': False}",False,TR7NHqjeKQxGTCi8q8ZY4pL8otSzgjLj6t,2024-05-08T05:49:09Z,61501487,0000000003aa702f0b8b7fdfc03e4afa515d9d06dcc7457776499eb95cfb9070,Tether USD,USDT,6,200,tether,200,,tron
0x40be33dbdc1c3ab634ee689d49e7f2977c03f4880d3a71a28b4bfcfd156fa370,0x40be33dbdc1c3ab634ee689d49e7f2977c03f4880d3a71a28b4bfcfd156fa370,"{'address': '0x290275e3db66394C52272398959845170E4DCb88', 'chain': 'polygon', 'arkhamEntity': {'name': 'Binance', 'note': '', 'id': 'binance', 'type': 'cex', 'service': None, 'addresses': None, 'website': 'https://binance.com', 'twitter': 'https://twitter.com/binance', 'crunchbase': 'https://www.crunchbase.com/organization/binance', 'linkedin': 'https://www.linkedin.com/company/binance'}, 'arkhamLabel': {'name': 'Hot Wallet', 'address': '0x290275e3db66394C52272398959845170E4DCb88', 'chainType': 'evm'}, 'isUserAddress': False, 'contract': False}",False,"{'address': '0x9324A8A7204d8d46Ee1EC95C56470C4858e1472e', 'chain': 'polygon', 'isUserAddress': False, 'contract': False}",False,,external,2024-05-08T05:49:09Z,56711539,0x55194e77ed70aeb0738eb43c7e5a4687b1575681f93b5757163f30275013d388,Matic Token,MATIC,18,11.25,matic-network,7.748167499999999,polygon
8353b0b223b8d3b67f9522462a02c7236026605ecb73e8f55c8cd7581792967e_0,8353b0b223b8d3b67f9522462a02c7236026605ecb73e8f55c8cd7581792967e,"{'address': 'TYASr5UV6HEcXatwdFQfmLVUqQQQMUxHLS', 'chain': 'tron', 'arkhamEntity': {'name': 'Binance', 'note': '', 'id': 'binance', 'type': 'cex', 'service': None, 'addresses': None, 'website': 'https://binance.com', 'twitter': 'https://twitter.com/binance', 'crunchbase': 'https://www.crunchbase.com/organization/binance', 'linkedin': 'https://www.linkedin.com/company/binance'}, 'arkhamLabel': {'name': 'Withdrawal Hot Wallet', 'address': 'TYASr5UV6HEcXatwdFQfmLVUqQQQMUxHLS', 'chainType': 'tron'}, 'isUserAddress': False, 'contract': False}",False,"{'address': 'TUVG6ZKeGJofh84kjzFVR4KZTjruAicpU5', 'chain': 'tron', 'isUserAddress': False, 'contract': False}",False,TR7NHqjeKQxGTCi8q8ZY4pL8otSzgjLj6t,2024-05-08T05:49:09Z,61501487,0000000003aa702f0b8b7fdfc03e4afa515d9d06dcc7457776499eb95cfb9070,Tether USD,USDT,6,2492.18,tether,2492.18,,tron
fc6cef4325a4ad067c3d5f485b88879fdec9c81626065341768b61f98c43c848_0,fc6cef4325a4ad067c3d5f485b88879fdec9c81626065341768b61f98c43c848,"{'address': 'TNXoiAJ3dct8Fjg4M9fkLFh9S2v9TXc32G', 'chain': 'tron', 'arkhamEntity': {'name': 'Binance', 'note': '', 'id': 'binance', 'type': 'cex', 'service': None, 'addresses': None, 'website': 'https://binance.com', 'twitter': 'https://twitter.com/binance', 'crunchbase': 'https://www.crunchbase.com/organization/binance', 'linkedin': 'https://www.linkedin.com/company/binance'}, 'arkhamLabel': {'name': 'Withdrawal Hot Wallet', 'address': 'TNXoiAJ3dct8Fjg4M9fkLFh9S2v9TXc32G', 'chainType': 'tron'}, 'isUserAddress': False, 'contract': False}",False,"{'address': 'TEzit9XySDwV2Wwugh6QPd6hqWjeWHgFhU', 'chain': 'tron', 'arkhamLabel': {'name': 'KuCoin Deposit', 'address': 'TEzit9XySDwV2Wwugh6QPd6hqWjeWHgFhU', 'chainType': 'tron'}, 'isUserAddress': False, 'contract': False}",False,TR7NHqjeKQxGTCi8q8ZY4pL8otSzgjLj6t,2024-05-08T05:49:09Z,61501487,0000000003aa702f0b8b7fdfc03e4afa515d9d06dcc7457776499eb95cfb9070,Tether USD,USDT,6,33.11,tether,33.11,,tron
2903b8517244c2fcf3bbcce347a7e9636cc536e3fb6fb1eda6c8c89f4388e4ca_0,2903b8517244c2fcf3bbcce347a7e9636cc536e3fb6fb1eda6c8c89f4388e4ca,"{'address': 'TQrY8tryqsYVCYS3MFbtffiPp2ccyn4STm', 'chain': 'tron', 'arkhamEntity': {'name': 'Binance', 'note': '', 'id': 'binance', 'type': 'cex', 'service': None, 'addresses': None, 'website': 'https://binance.com', 'twitter': 'https://twitter.com/binance', 'crunchbase': 'https://www.crunchbase.com/organization/binance', 'linkedin': 'https://www.linkedin.com/company/binance'}, 'arkhamLabel': {'name': 'Withdrawal Hot Wallet', 'address': 'TQrY8tryqsYVCYS3MFbtffiPp2ccyn4STm', 'chainType': 'tron'}, 'isUserAddress': False, 'contract': False}",False,"{'address': 'TPPQ46KJWzJawv4zsB1roXcE8SMHqyxSFo', 'chain': 'tron', 'isUserAddress': False, 'contract': False}",False,TR7NHqjeKQxGTCi8q8ZY4pL8otSzgjLj6t,2024-05-08T05:49:09Z,61501487,0000000003aa702f0b8b7fdfc03e4afa515d9d06dcc7457776499eb95cfb9070,Tether USD,USDT,6,20.3,tether,20.3,,tron
5e4c447cc65bfa4e0f313cf50def9a33632168b0499cf3fe5de7e3a17f425ad9_0,5e4c447cc65bfa4e0f313cf50def9a33632168b0499cf3fe5de7e3a17f425ad9,"{'address': 'TJDENsfBJs4RFETt1X1W8wMDc8M5XnJhCe', 'chain': 'tron', 'arkhamEntity': {'name': 'Binance', 'note': '', 'id': 'binance', 'type': 'cex', 'service': None, 'addresses': None, 'website': 'https://binance.com', 'twitter': 'https://twitter.com/binance', 'crunchbase': 'https://www.crunchbase.com/organization/binance', 'linkedin': 'https://www.linkedin.com/company/binance'}, 'arkhamLabel': {'name': 'Withdrawal Hot Wallet', 'address': 'TJDENsfBJs4RFETt1X1W8wMDc8M5XnJhCe', 'chainType': 'tron'}, 'isUserAddress': False, 'contract': False}",False,"{'address': 'TDDcPjZhn4hYERjUe7Yr3MbjZbx1PbnyuQ', 'chain': 'tron', 'isUserAddress': False, 'contract': False}",False,TR7NHqjeKQxGTCi8q8ZY4pL8otSzgjLj6t,2024-05-08T05:49:09Z,61501487,0000000003aa702f0b8b7fdfc03e4afa515d9d06dcc7457776499eb95cfb9070,Tether USD,USDT,6,40,tether,40,,tron
927b3b192d8969815ac97538c607ce473930ff4f9b60dbaa079d880b1e1dbb25_0,927b3b192d8969815ac97538c607ce473930ff4f9b60dbaa079d880b1e1dbb25,"{'address': 'TAzsQ9Gx8eqFNFSKbeXrbi45CuVPHzA8wr', 'chain': 'tron', 'arkhamEntity': {'name': 'Binance', 'note': '', 'id': 'binance', 'type': 'cex', 'service': None, 'addresses': None, 'website': 'https://binance.com', 'twitter': 'https://twitter.com/binance', 'crunchbase': 'https://www.crunchbase.com/organization/binance', 'linkedin': 'https://www.linkedin.com/company/binance'}, 'arkhamLabel': {'name': 'Withdrawal Hot Wallet', 'address': 'TAzsQ9Gx8eqFNFSKbeXrbi45CuVPHzA8wr', 'chainType': 'tron'}, 'isUserAddress': False, 'contract': False}",False,"{'address': 'TQntkdQTsA25Pp1qvQ3uBi5o2y4GY94VQq', 'chain': 'tron', 'isUserAddress': False, 'contract': False}",False,TR7NHqjeKQxGTCi8q8ZY4pL8otSzgjLj6t,2024-05-08T05:49:09Z,61501487,0000000003aa702f0b8b7fdfc03e4afa515d9d06dcc7457776499eb95cfb9070,Tether USD,USDT,6,26,tether,26,,tron
e4f04b70d0b44f34ee04cc859622dc8be5ceb5977380848ac58048df391b9a24_0,e4f04b70d0b44f34ee04cc859622dc8be5ceb5977380848ac58048df391b9a24,"{'address': 'TNXoiAJ3dct8Fjg4M9fkLFh9S2v9TXc32G', 'chain': 'tron', 'arkhamEntity': {'name': 'Binance', 'note': '', 'id': 'binance', 'type': 'cex', 'service': None, 'addresses': None, 'website': 'https://binance.com', 'twitter': 'https://twitter.com/binance', 'crunchbase': 'https://www.crunchbase.com/organization/binance', 'linkedin': 'https://www.linkedin.com/company/binance'}, 'arkhamLabel': {'name': 'Withdrawal Hot Wallet', 'address': 'TNXoiAJ3dct8Fjg4M9fkLFh9S2v9TXc32G', 'chainType': 'tron'}, 'isUserAddress': False, 'contract': False}",False,"{'address': 'TMChAjQVJEmykD2xV7HyFbdthhi9qSAwps', 'chain': 'tron', 'arkhamLabel': {'name': 'Gate.io Deposit', 'address': 'TMChAjQVJEmykD2xV7HyFbdthhi9qSAwps', 'chainType': 'tron'}, 'isUserAddress': False, 'contract': False}",False,TR7NHqjeKQxGTCi8q8ZY4pL8otSzgjLj6t,2024-05-08T05:49:06Z,61501486,0000000003aa702e6e5373f0f097d0e0adcb88d468e59ea6f069037555d9dbb4,Tether USD,USDT,6,149.581062,tether,149.581062,,tron
0a15d4d6c707173a41aebb9b2321b4a1576ec0a83c0fe966534487934e0099cf,0a15d4d6c707173a41aebb9b2321b4a1576ec0a83c0fe966534487934e0099cf,"{'address': 'TJDENsfBJs4RFETt1X1W8wMDc8M5XnJhCe', 'chain': 'tron', 'arkhamEntity': {'name': 'Binance', 'note': '', 'id': 'binance', 'type': 'cex', 'service': None, 'addresses': None, 'website': 'https://binance.com', 'twitter': 'https://twitter.com/binance', 'crunchbase': 'https://www.crunchbase.com/organization/binance', 'linkedin': 'https://www.linkedin.com/company/binance'}, 'arkhamLabel': {'name': 'Withdrawal Hot Wallet', 'address': 'TJDENsfBJs4RFETt1X1W8wMDc8M5XnJhCe', 'chainType': 'tron'}, 'isUserAddress': False, 'contract': False}",False,"{'address': 'THJpQUEcyLUUTYrczn6zNFn3MPRCUzgMZy', 'chain': 'tron', 'isUserAddress': False, 'contract': False}",False,,2024-05-08T05:49:06Z,61501486,0000000003aa702e6e5373f0f097d0e0adcb88d468e59ea6f069037555d9dbb4,Tron,TRX,6,2739,tron,332.492688,,tron
9d6002df984e77d3bce9dbbfe14307f045ea7449ce83fffa5a325a24b5958a7d,9d6002df984e77d3bce9dbbfe14307f045ea7449ce83fffa5a325a24b5958a7d,"{'address': 'TNXoiAJ3dct8Fjg4M9fkLFh9S2v9TXc32G', 'chain': 'tron', 'arkhamEntity': {'name': 'Binance', 'note': '', 'id': 'binance', 'type': 'cex', 'service': None, 'addresses': None, 'website': 'https://binance.com', 'twitter': 'https://twitter.com/binance', 'crunchbase': 'https://www.crunchbase.com/organization/binance', 'linkedin': 'https://www.linkedin.com/company/binance'}, 'arkhamLabel': {'name': 'Withdrawal Hot Wallet', 'address': 'TNXoiAJ3dct8Fjg4M9fkLFh9S2v9TXc32G', 'chainType': 'tron'}, 'isUserAddress': False, 'contract': False}",False,"{'address': 'TP4tGYmzFXMfaDSta4Jwj3g5EwQ2EEE7ZR', 'chain': 'tron', 'isUserAddress': False, 'contract': False}",False,,2024-05-08T05:49:15Z,61501489,0000000003aa7031f343ecddd68b98a27de6e51738584046f71a94420f680ed7,Tron,TRX,6,25,tron,3.0348,,tron
93e79889cde6fb5a0007a1cbef7a509cf53b72e78b3f2f4da333946891fc4c99_0,93e79889cde6fb5a0007a1cbef7a509cf53b72e78b3f2f4da333946891fc4c99,"{'address': 'TYASr5UV6HEcXatwdFQfmLVUqQQQMUxHLS', 'chain': 'tron', 'arkhamEntity': {'name': 'Binance', 'note': '', 'id': 'binance', 'type': 'cex', 'service': None, 'addresses': None, 'website': 'https://binance.com', 'twitter': 'https://twitter.com/binance', 'crunchbase': 'https://www.crunchbase.com/organization/binance', 'linkedin': 'https://www.linkedin.com/company/binance'}, 'arkhamLabel': {'name': 'Withdrawal Hot Wallet', 'address': 'TYASr5UV6HEcXatwdFQfmLVUqQQQMUxHLS', 'chainType': 'tron'}, 'isUserAddress': False, 'contract': False}",False,"{'address': 'TBYSwxWHixRXF2A1p7Wu5dqCHKeaPszwTa', 'chain': 'tron', 'arkhamLabel': {'name': 'OKX Deposit', 'address': 'TBYSwxWHixRXF2A1p7Wu5dqCHKeaPszwTa', 'chainType': 'tron'}, 'isUserAddress': False, 'contract': False}",False,TR7NHqjeKQxGTCi8q8ZY4pL8otSzgjLj6t,2024-05-08T05:49:15Z,61501489,0000000003aa7031f343ecddd68b98a27de6e51738584046f71a94420f680ed7,Tether USD,USDT,6,6400,tether,6400,,tron
0x02ffc74549875e23b0ee28b543238a1d8d42eed4753f60299a23c7a1c0c73432,0x02ffc74549875e23b0ee28b543238a1d8d42eed4753f60299a23c7a1c0c73432,"{'address': '0xe7804c37c13166fF0b37F5aE0BB07A3aEbb6e245', 'chain': 'polygon', 'arkhamEntity': {'name': 'Binance', 'note': '', 'id': 'binance', 'type': 'cex', 'service': None, 'addresses': None, 'website': 'https://binance.com', 'twitter': 'https://twitter.com/binance', 'crunchbase': 'https://www.crunchbase.com/organization/binance', 'linkedin': 'https://www.linkedin.com/company/binance'}, 'arkhamLabel': {'name': 'Hot Wallet', 'address': '0xe7804c37c13166fF0b37F5aE0BB07A3aEbb6e245', 'chainType': 'evm'}, 'isUserAddress': False, 'contract': False}",False,"{'address': '0x8aFd23CBBAb6f1044A1e640dfe65D5dBB6219a2A', 'chain': 'polygon', 'isUserAddress': False, 'contract': False}",False,,external,2024-05-08T05:49:11Z,56711540,0x9d426362f6f848c50ee1bf27143ffa01d0ea06206c806d5ce9f7302f06528fb8,Matic Token,MATIC,18,10.6987,matic-network,7.3684728561999995,polygon
0xb232b4e722fb404d54e58b1394291072e72f7035b9339ce7319bea4499562765_12,0xb232b4e722fb404d54e58b1394291072e72f7035b9339ce7319bea4499562765,"{'address': '0xDFd5293D8e347dFe59E90eFd55b2956a1343963d', 'chain': 'ethereum', 'arkhamEntity': {'name': 'Binance', 'note': '', 'id': 'binance', 'type': 'cex', 'service': None, 'addresses': None, 'website': 'https://binance.com', 'twitter': 'https://twitter.com/binance', 'crunchbase': 'https://www.crunchbase.com/organization/binance', 'linkedin': 'https://www.linkedin.com/company/binance'}, 'arkhamLabel': {'name': 'Hot Wallet', 'address': '0xDFd5293D8e347dFe59E90eFd55b2956a1343963d', 'chainType': 'evm'}, 'isUserAddress': False, 'contract': False}",False,"{'address': '0x7676e9A713Ed6d4399C53FD89A881Afc79b524a8', 'chain': 'ethereum', 'arkhamLabel': {'name': 'Bitget Deposit', 'address': '0x7676e9A713Ed6d4399C53FD89A881Afc79b524a8', 'chainType': 'evm'}, 'isUserAddress': False, 'contract': False}",False,0xdAC17F958D2ee523a2206206994597C13D831ec7,token,2024-05-08T05:49:11Z,19823361,0x82d0698450849c51d0ed50e2700f1b0db59bca41c781e1d60b4cef82a75ab349,Tether USD,USDT,6,856.042717,tether,856.042717,ethereum
0x86651dd21372f24f9fb9cf1aeb7129342ba68b745b68118e0901c18e629eae50,0x86651dd21372f24f9fb9cf1aeb7129342ba68b745b68118e0901c18e629eae50,"{'address': '0x4976A4A02f38326660D17bf34b431dC6e2eb2327', 'chain': 'ethereum', 'arkhamEntity': {'name': 'Binance', 'note': '', 'id': 'binance', 'type': 'cex', 'service': None, 'addresses': None, 'website': 'https://binance.com', 'twitter': 'https://twitter.com/binance', 'crunchbase': 'https://www.crunchbase.com/organization/binance', 'linkedin': 'https://www.linkedin.com/company/binance'}, 'arkhamLabel': {'name': 'Hot Wallet', 'address': '0x4976A4A02f38326660D17bf34b431dC6e2eb2327', 'chainType': 'evm'}, 'isUserAddress': False, 'contract': False}",False,"{'address': '0x2f14205AFfBF44D6f15aE8474218925301892042', 'chain': 'ethereum', 'arkhamLabel': {'name': 'Binance Deposit', 'address': '0x2f14205AFfBF44D6f15aE8474218925301892042', 'chainType': 'evm'}, 'isUserAddress': False, 'contract': False}",False,,external,2024-05-08T05:49:11Z,19823361,0x82d0698450849c51d0ed50e2700f1b0db59bca41c781e1d60b4cef82a75ab349,Ethereum,ETH,18,0.3546623,ethereum,1072.764791925,ethereum
0xf5f68fe81d4c4bcc5de834cb7cf51fdd096d575c0dcb96800c9e8226d438abdf,0xf5f68fe81d4c4bcc5de834cb7cf51fdd096d575c0dcb96800c9e8226d438abdf,"{'address': '0x082489A616aB4D46d1947eE3F912e080815b08DA', 'chain': 'polygon', 'arkhamEntity': {'name': 'Binance', 'note': '', 'id': 'binance', 'type': 'cex', 'service': None, 'addresses': None, 'website': 'https://binance.com', 'twitter': 'https://twitter.com/binance', 'crunchbase': 'https://www.crunchbase.com/organization/binance', 'linkedin': 'https://www.linkedin.com/company/binance'}, 'arkhamLabel': {'name': 'Hot Wallet', 'address': '0x082489A616aB4D46d1947eE3F912e080815b08DA', 'chainType': 'evm'}, 'isUserAddress': False, 'contract': False}",False,"{'address': '0xf6fCd76D46ab010D7B6Eb291877629C975b5CAA7', 'chain': 'polygon', 'isUserAddress': False, 'contract': False}",False,,external,2024-05-08T05:49:11Z,56711540,0x9d426362f6f848c50ee1bf27143ffa01d0ea06206c806d5ce9f7302f06528fb8,Matic Token,MATIC,18,62.47130526,matic-network,43.02561218649876,polygon
0x45249da34ec16ebc118388bf9c05db90673da100cce27de072ce0a78aa5c6fd4,0x45249da34ec16ebc118388bf9c05db90673da100cce27de072ce0a78aa5c6fd4,"{'address': '0x3304E22DDaa22bCdC5fCa2269b418046aE7b566A', 'chain': 'base', 'arkhamEntity': {'name': 'Binance', 'note': '', 'id': 'binance', 'type': 'cex', 'service': None, 'addresses': None, 'website': 'https://binance.com', 'twitter': 'https://twitter.com/binance', 'crunchbase': 'https://www.crunchbase.com/organization/binance', 'linkedin': 'https://www.linkedin.com/company/binance'}, 'arkhamLabel': {'name': 'Hot Wallet', 'address': '0x3304E22DDaa22bCdC5fCa2269b418046aE7b566A', 'chainType': 'evm'}, 'isUserAddress': False, 'contract': False}",False,"{'address': '0x47A7f4A461eF9b6B1646343aFaA1cCBF646D4C45', 'chain': 'base', 'isUserAddress': False, 'contract': False}",False,,external,2024-05-08T05:49:11Z,14179002,0xd8e56dd9878928b470d139e123041e09da70e9533c7a5ca32670c6db11c56665,Ethereum,ETH,18,0.0362237,ethereum,109.56763657500001,base
5674a7384d42367b4e9b915e16ea2784ec89063a8c5be57ae7ffc215bbb8e3c7_0,5674a7384d42367b4e9b915e16ea2784ec89063a8c5be57ae7ffc215bbb8e3c7,"{'address': 'TDqSquXBgUCLYvYC4XZgrprLK589dkhSCf', 'chain': 'tron', 'arkhamEntity': {'name': 'Binance', 'note': '', 'id': 'binance', 'type': 'cex', 'service': None, 'addresses': None, 'website': 'https://binance.com', 'twitter': 'https://twitter.com/binance', 'crunchbase': 'https://www.crunchbase.com/organization/binance', 'linkedin': 'https://www.linkedin.com/company/binance'}, 'arkhamLabel': {'name': 'Hot Wallet', 'address': 'TDqSquXBgUCLYvYC4XZgrprLK589dkhSCf', 'chainType': 'tron'}, 'isUserAddress': False, 'contract': False}",False,"{'address': 'TLv2pe4r4AYypyjib6GSCKanEoBx1LaT5F', 'chain': 'tron', 'isUserAddress': False, 'contract': False}",False,TR7NHqjeKQxGTCi8q8ZY4pL8otSzgjLj6t,2024-05-08T05:49:09Z,61501487,0000000003aa702f0b8b7fdfc03e4afa515d9d06dcc7457776499eb95cfb9070,Tether USD,USDT,6,200,tether,200,,tron
0x40be33dbdc1c3ab634ee689d49e7f2977c03f4880d3a71a28b4bfcfd156fa370,0x40be33dbdc1c3ab634ee689d49e7f2977c03f4880d3a71a28b4bfcfd156fa370,"{'address': '0x290275e3db66394C52272398959845170E4DCb88', 'chain': 'polygon', 'arkhamEntity': {'name': 'Binance', 'note': '', 'id': 'binance', 'type': 'cex', 'service': None, 'addresses': None, 'website': 'https://binance.com', 'twitter': 'https://twitter.com/binance', 'crunchbase': 'https://www.crunchbase.com/organization/binance', 'linkedin': 'https://www.linkedin.com/company/binance'}, 'arkhamLabel': {'name': 'Hot Wallet', 'address': '0x290275e3db66394C52272398959845170E4DCb88', 'chainType': 'evm'}, 'isUserAddress': False, 'contract': False}",False,"{'address': '0x9324A8A7204d8d46Ee1EC95C56470C4858e1472e', 'chain': 'polygon', 'isUserAddress': False, 'contract': False}",False,,external,2024-05-08T05:49:09Z,56711539,0x55194e77ed70aeb0738eb43c7e5a4687b1575681f93b5757163f30275013d388,Matic Token,MATIC,18,11.25,matic-network,7.748167499999999,polygon
8353b0b223b8d3b67f9522462a02c7236026605ecb73e8f55c8cd7581792967e_0,8353b0b223b8d3b67f9522462a02c7236026605ecb73e8f55c8cd7581792967e,"{'address': 'TYASr5UV6HEcXatwdFQfmLVUqQQQMUxHLS', 'chain': 'tron', 'arkhamEntity': {'name': 'Binance', 'note': '', 'id': 'binance', 'type': 'cex', 'service': None, 'addresses': None, 'website': 'https://binance.com', 'twitter': 'https://twitter.com/binance', 'crunchbase': 'https://www.crunchbase.com/organization/binance', 'linkedin': 'https://www.linkedin.com/company/binance'}, 'arkhamLabel': {'name': 'Withdrawal Hot Wallet', 'address': 'TYASr5UV6HEcXatwdFQfmLVUqQQQMUxHLS', 'chainType': 'tron'}, 'isUserAddress': False, 'contract': False}",False,"{'address': 'TUVG6ZKeGJofh84kjzFVR4KZTjruAicpU5', 'chain': 'tron', 'isUserAddress': False, 'contract': False}",False,TR7NHqjeKQxGTCi8q8ZY4pL8otSzgjLj6t,2024-05-08T05:49:09Z,61501487,0000000003aa702f0b8b7fdfc03e4afa515d9d06dcc7457776499eb95cfb9070,Tether USD,USDT,6,2492.18,tether,2492.18,,tron
fc6cef4325a4ad067c3d5f485b88879fdec9c81626065341768b61f98c43c848_0,fc6cef4325a4ad067c3d5f485b88879fdec9c81626065341768b61f98c43c848,"{'address': 'TNXoiAJ3dct8Fjg4M9fkLFh9S2v9TXc32G', 'chain': 'tron', 'arkhamEntity': {'name': 'Binance', 'note': '', 'id': 'binance', 'type': 'cex', 'service': None, 'addresses': None, 'website': 'https://binance.com', 'twitter': 'https://twitter.com/binance', 'crunchbase': 'https://www.crunchbase.com/organization/binance', 'linkedin': 'https://www.linkedin.com/company/binance'}, 'arkhamLabel': {'name': 'Withdrawal Hot Wallet', 'address': 'TNXoiAJ3dct8Fjg4M9fkLFh9S2v9TXc32G', 'chainType': 'tron'}, 'isUserAddress': False, 'contract': False}",False,"{'address': 'TEzit9XySDwV2Wwugh6QPd6hqWjeWHgFhU', 'chain': 'tron', 'arkhamLabel': {'name': 'KuCoin Deposit', 'address': 'TEzit9XySDwV2Wwugh6QPd6hqWjeWHgFhU', 'chainType': 'tron'}, 'isUserAddress': False, 'contract': False}",False,TR7NHqjeKQxGTCi8q8ZY4pL8otSzgjLj6t,2024-05-08T05:49:09Z,61501487,0000000003aa702f0b8b7fdfc03e4afa515d9d06dcc7457776499eb95cfb9070,Tether USD,USDT,6,33.11,tether,33.11,,tron
2903b8517244c2fcf3bbcce347a7e9636cc536e3fb6fb1eda6c8c89f4388e4ca_0,2903b8517244c2fcf3bbcce347a7e9636cc536e3fb6fb1eda6c8c89f4388e4ca,"{'address': 'TQrY8tryqsYVCYS3MFbtffiPp2ccyn4STm', 'chain': 'tron', 'arkhamEntity': {'name': 'Binance', 'note': '', 'id': 'binance', 'type': 'cex', 'service': None, 'addresses': None, 'website': 'https://binance.com', 'twitter': 'https://twitter.com/binance', 'crunchbase': 'https://www.crunchbase.com/organization/binance', 'linkedin': 'https://www.linkedin.com/company/binance'}, 'arkhamLabel': {'name': 'Withdrawal Hot Wallet', 'address': 'TQrY8tryqsYVCYS3MFbtffiPp2ccyn4STm', 'chainType': 'tron'}, 'isUserAddress': False, 'contract': False}",False,"{'address': 'TPPQ46KJWzJawv4zsB1roXcE8SMHqyxSFo', 'chain': 'tron', 'isUserAddress': False, 'contract': False}",False,TR7NHqjeKQxGTCi8q8ZY4pL8otSzgjLj6t,2024-05-08T05:49:09Z,61501487,0000000003aa702f0b8b7fdfc03e4afa515d9d06dcc7457776499eb95cfb9070,Tether USD,USDT,6,20.3,tether,20.3,,tron
5e4c447cc65bfa4e0f313cf50def9a33632168b0499cf3fe5de7e3a17f425ad9_0,5e4c447cc65bfa4e0f313cf50def9a33632168b0499cf3fe5de7e3a17f425ad9,"{'address': 'TJDENsfBJs4RFETt1X1W8wMDc8M5XnJhCe', 'chain': 'tron', 'arkhamEntity': {'name': 'Binance', 'note': '', 'id': 'binance', 'type': 'cex', 'service': None, 'addresses': None, 'website': 'https://binance.com', 'twitter': 'https://twitter.com/binance', 'crunchbase': 'https://www.crunchbase.com/organization/binance', 'linkedin': 'https://www.linkedin.com/company/binance'}, 'arkhamLabel': {'name': 'Withdrawal Hot Wallet', 'address': 'TJDENsfBJs4RFETt1X1W8wMDc8M5XnJhCe', 'chainType': 'tron'}, 'isUserAddress': False, 'contract': False}",False,"{'address': 'TDDcPjZhn4hYERjUe7Yr3MbjZbx1PbnyuQ', 'chain': 'tron', 'isUserAddress': False, 'contract': False}",False,TR7NHqjeKQxGTCi8q8ZY4pL8otSzgjLj6t,2024-05-08T05:49:09Z,61501487,0000000003aa702f0b8b7fdfc03e4afa515d9d06dcc7457776499eb95cfb9070,Tether USD,USDT,6,40,tether,40,,tron
927b3b192d8969815ac97538c607ce473930ff4f9b60dbaa079d880b1e1dbb25_0,927b3b192d8969815ac97538c607ce473930ff4f9b60dbaa079d880b1e1dbb25,"{'address': 'TAzsQ9Gx8eqFNFSKbeXrbi45CuVPHzA8wr', 'chain': 'tron', 'arkhamEntity': {'name': 'Binance', 'note': '', 'id': 'binance', 'type': 'cex', 'service': None, 'addresses': None, 'website': 'https://binance.com', 'twitter': 'https://twitter.com/binance', 'crunchbase': 'https://www.crunchbase.com/organization/binance', 'linkedin': 'https://www.linkedin.com/company/binance'}, 'arkhamLabel': {'name': 'Withdrawal Hot Wallet', 'address': 'TAzsQ9Gx8eqFNFSKbeXrbi45CuVPHzA8wr', 'chainType': 'tron'}, 'isUserAddress': False, 'contract': False}",False,"{'address': 'TQntkdQTsA25Pp1qvQ3uBi5o2y4GY94VQq', 'chain': 'tron', 'isUserAddress': False, 'contract': False}",False,TR7NHqjeKQxGTCi8q8ZY4pL8otSzgjLj6t,2024-05-08T05:49:09Z,61501487,0000000003aa702f0b8b7fdfc03e4afa515d9d06dcc7457776499eb95cfb9070,Tether USD,USDT,6,26,tether,26,,tron
b4f3fbd2d5553aa445101f25b1611e3cd606d80edb41aaa1282b44e230495f0e_0,b4f3fbd2d5553aa445101f25b1611e3cd606d80edb41aaa1282b44e230495f0e,"{'address': 'TNXoiAJ3dct8Fjg4M9fkLFh9S2v9TXc32G', 'chain': 'tron', 'arkhamEntity': {'name': 'Binance', 'note': '', 'id': 'binance', 'type': 'cex', 'service': None, 'addresses': None, 'website': 'https://binance.com', 'twitter': 'https://twitter.com/binance', 'crunchbase': 'https://www.crunchbase.com/organization/binance', 'linkedin': 'https://www.linkedin.com/company/binance'}, 'arkhamLabel': {'name': 'Withdrawal Hot Wallet', 'address': 'TNXoiAJ3dct8Fjg4M9fkLFh9S2v9TXc32G', 'chainType': 'tron'}, 'isUserAddress': False, 'contract': False}",False,"{'address': 'TSEKZLRGDRg94Ldveq6nUJxmGR3xwbBRyd', 'chain': 'tron', 'arkhamLabel': {'name': 'KuCoin Deposit', 'address': 'TSEKZLRGDRg94Ldveq6nUJxmGR3xwbBRyd', 'chainType': 'tron'}, 'isUserAddress': False, 'contract': False}",False,TR7NHqjeKQxGTCi8q8ZY4pL8otSzgjLj6t,2024-05-08T05:49:09Z,61501487,0000000003aa702f0b8b7fdfc03e4afa515d9d06dcc7457776499eb95cfb9070,Tether USD,USDT,6,99,tether,99,,tron
e4f04b70d0b44f34ee04cc859622dc8be5ceb5977380848ac58048df391b9a24_0,e4f04b70d0b44f34ee04cc859622dc8be5ceb5977380848ac58048df391b9a24,"{'address': 'TNXoiAJ3dct8Fjg4M9fkLFh9S2v9TXc32G', 'chain': 'tron', 'arkhamEntity': {'name': 'Binance', 'note': '', 'id': 'binance', 'type': 'cex', 'service': None, 'addresses': None, 'website': 'https://binance.com', 'twitter': 'https://twitter.com/binance', 'crunchbase': 'https://www.crunchbase.com/organization/binance', 'linkedin': 'https://www.linkedin.com/company/binance'}, 'arkhamLabel': {'name': 'Withdrawal Hot Wallet', 'address': 'TNXoiAJ3dct8Fjg4M9fkLFh9S2v9TXc32G', 'chainType': 'tron'}, 'isUserAddress': False, 'contract': False}",False,"{'address': 'TMChAjQVJEmykD2xV7HyFbdthhi9qSAwps', 'chain': 'tron', 'arkhamLabel': {'name': 'Gate.io Deposit', 'address': 'TMChAjQVJEmykD2xV7HyFbdthhi9qSAwps', 'chainType': 'tron'}, 'isUserAddress': False, 'contract': False}",False,TR7NHqjeKQxGTCi8q8ZY4pL8otSzgjLj6t,2024-05-08T05:49:06Z,61501486,0000000003aa702e6e5373f0f097d0e0adcb88d468e59ea6f069037555d9dbb4,Tether USD,USDT,6,149.581062,tether,149.581062,,tron
